{
    "accuracy": [
        0.4390033483505249,
        0.44346126914024353,
        0.44513338804244995,
        0.4483005106449127,
        0.45440155267715454,
        0.46297234296798706,
        0.4734460413455963,
        0.4866739809513092,
        0.5015701651573181,
        0.5180264711380005,
        0.5349931120872498,
        0.5524606108665466,
        0.5699360966682434,
        0.5873261094093323,
        0.6045161485671997,
        0.6214882135391235,
        0.638183057308197,
        0.6542589664459229,
        0.6701470613479614,
        0.6859241724014282,
        0.7010117173194885,
        0.7156583070755005,
        0.7298288941383362,
        0.7435540556907654,
        0.7568448781967163,
        0.7691742777824402,
        0.7811333537101746,
        0.7928810119628906,
        0.8035551905632019,
        0.813592255115509,
        0.8224954009056091,
        0.8307011723518372,
        0.8376898169517517,
        0.843726396560669,
        0.8485394716262817,
        0.8520660400390625,
        0.8549680113792419,
        0.8571810126304626,
        0.8590771555900574,
        0.860835075378418,
        0.8620933890342712,
        0.8634886145591736,
        0.8644274473190308,
        0.8654741048812866,
        0.8662866353988647,
        0.8670045137405396,
        0.8676691651344299,
        0.8684526681900024,
        0.8691152930259705,
        0.8695622682571411
    ],
    "loss": [
        0.8306325674057007,
        0.7527122497558594,
        0.7208398580551147,
        0.7054100632667542,
        0.6971695423126221,
        0.6920483112335205,
        0.6883315443992615,
        0.6853504776954651,
        0.6828361749649048,
        0.6805519461631775,
        0.6783966422080994,
        0.676304817199707,
        0.674239993095398,
        0.6721716523170471,
        0.6700831651687622,
        0.6679666042327881,
        0.6658092141151428,
        0.6635929942131042,
        0.6613110303878784,
        0.6589657664299011,
        0.6565560698509216,
        0.6540707349777222,
        0.6515111327171326,
        0.6488659381866455,
        0.646133542060852,
        0.6433272957801819,
        0.6404301524162292,
        0.6374448537826538,
        0.6343752145767212,
        0.6312013268470764,
        0.6279436349868774,
        0.6246068477630615,
        0.6211937665939331,
        0.6176947355270386,
        0.6141184568405151,
        0.6104718446731567,
        0.6067508459091187,
        0.6029399633407593,
        0.5990399122238159,
        0.5950394868850708,
        0.5909704566001892,
        0.5868191719055176,
        0.5825563669204712,
        0.5782343149185181,
        0.5738217830657959,
        0.5693082213401794,
        0.5647242665290833,
        0.5600223541259766,
        0.5552394390106201,
        0.5503485798835754
    ],
    "val_accuracy": [
        0.49465274810791016,
        0.5186170339584351,
        0.5432788133621216,
        0.5697801113128662,
        0.5948736071586609,
        0.6182923913002014,
        0.6365427374839783,
        0.6515358686447144,
        0.6657123565673828,
        0.6810222268104553,
        0.6950871348381042,
        0.7070545554161072,
        0.7180831432342529,
        0.7286722660064697,
        0.7389390468597412,
        0.7492615580558777,
        0.7590497136116028,
        0.7694656848907471,
        0.7805029153823853,
        0.7912845611572266,
        0.8016866445541382,
        0.8123080730438232,
        0.8234421610832214,
        0.8352921009063721,
        0.8462400436401367,
        0.8567551970481873,
        0.8659006953239441,
        0.8743470311164856,
        0.8816630840301514,
        0.8883708119392395,
        0.8935837149620056,
        0.8987652659416199,
        0.9025946259498596,
        0.9061230421066284,
        0.9083394408226013,
        0.9100127816200256,
        0.9111553430557251,
        0.9122622609138489,
        0.9132629036903381,
        0.9147773385047913,
        0.9154765605926514,
        0.9180535674095154,
        0.9192367792129517,
        0.9207870960235596,
        0.9220956563949585,
        0.9232470989227295,
        0.9243218302726746,
        0.92547607421875,
        0.9262946844100952,
        0.9269895553588867
    ],
    "val_loss": [
        0.6929284334182739,
        0.6928545236587524,
        0.6926125884056091,
        0.6922672986984253,
        0.691802978515625,
        0.6911889314651489,
        0.6904534697532654,
        0.689630925655365,
        0.6886998414993286,
        0.6876585483551025,
        0.6865369081497192,
        0.6853482127189636,
        0.6840792298316956,
        0.682718813419342,
        0.6812645196914673,
        0.679691731929779,
        0.6780086755752563,
        0.6762207746505737,
        0.6742734313011169,
        0.6721767783164978,
        0.6699513792991638,
        0.6676206588745117,
        0.6651740670204163,
        0.6626530289649963,
        0.6600989103317261,
        0.6575358510017395,
        0.6547814011573792,
        0.6518704891204834,
        0.648735761642456,
        0.6454410552978516,
        0.6418597102165222,
        0.6381728053092957,
        0.6341977715492249,
        0.6302655339241028,
        0.6263770461082458,
        0.6224212050437927,
        0.618273138999939,
        0.6140478849411011,
        0.6095216274261475,
        0.6047451496124268,
        0.5995133519172668,
        0.5941704511642456,
        0.5885664820671082,
        0.5827260613441467,
        0.5767497420310974,
        0.5705792307853699,
        0.5643131136894226,
        0.557754635810852,
        0.5508891344070435,
        0.5435989499092102
    ]
}