{"accuracy": [0.5175911784172058, 0.6848081350326538, 0.8355664610862732, 0.8436422348022461, 0.8537838459014893, 0.8674860596656799, 0.8856089115142822, 0.8859166502952576, 0.8859166502952576, 0.8859166502952576, 0.8859166502952576, 0.8859166502952576, 0.8859166502952576, 0.8859166502952576, 0.8859166502952576, 0.8859166502952576, 0.8859166502952576, 0.8859166502952576, 0.8859166502952576, 0.8859166502952576, 0.8859166502952576, 0.8859166502952576, 0.8859166502952576, 0.8859166502952576, 0.8859166502952576, 0.8859166502952576, 0.8859166502952576, 0.8859166502952576, 0.8859166502952576, 0.8859166502952576, 0.8859166502952576, 0.8859166502952576, 0.8859166502952576, 0.8859166502952576, 0.8859166502952576, 0.8859166502952576, 0.8859166502952576, 0.8859166502952576, 0.8859166502952576, 0.8859166502952576, 0.8859166502952576, 0.8859166502952576, 0.8859166502952576, 0.8859166502952576, 0.8859166502952576, 0.8859166502952576, 0.8859166502952576, 0.8859166502952576, 0.8859166502952576, 0.8859166502952576, 0.8859166502952576, 0.8859166502952576, 0.8859166502952576, 0.8859166502952576, 0.8859166502952576, 0.8859166502952576, 0.8859166502952576, 0.8859166502952576, 0.8859166502952576, 0.8859166502952576, 0.8859166502952576, 0.8859166502952576, 0.8859166502952576, 0.8859166502952576, 0.8859166502952576, 0.8859166502952576, 0.8859166502952576, 0.8859166502952576, 0.8859166502952576, 0.8859166502952576, 0.8859166502952576, 0.8859166502952576, 0.8859166502952576, 0.8859166502952576, 0.8859166502952576, 0.8859166502952576, 0.8859166502952576, 0.8859166502952576, 0.8859166502952576, 0.8859166502952576, 0.8859166502952576, 0.8859166502952576, 0.8859166502952576, 0.8859166502952576, 0.8859166502952576, 0.8859166502952576, 0.8859166502952576, 0.8859166502952576, 0.8859166502952576, 0.8859166502952576, 0.8859166502952576, 0.8859166502952576, 0.8859166502952576, 0.8859166502952576, 0.8859166502952576, 0.8859166502952576, 0.8859166502952576, 0.8859166502952576, 0.8859166502952576, 0.8859166502952576], "loss": [6.030864238739014, 2.816878080368042, 0.7977861166000366, 0.6676039099693298, 0.5088118314743042, 0.28709763288497925, 0.010640950873494148, 0.007212499156594276, 0.0072449445724487305, 0.00730572734028101, 0.007340564392507076, 0.007328839041292667, 0.007298381067812443, 0.00726520037278533, 0.007244617212563753, 0.007227011490613222, 0.007218765560537577, 0.007214805111289024, 0.007213252130895853, 0.007212499156594276, 0.007212063297629356, 0.007211798802018166, 0.007211629766970873, 0.007211518008261919, 0.007211441174149513, 0.007211385294795036, 0.007211345713585615, 0.007211312185972929, 0.007211282383650541, 0.0072112553752958775, 0.007211230229586363, 0.007211211137473583, 0.007211198098957539, 0.0072111887857317924, 0.007211180869489908, 0.007211172953248024, 0.007211165968328714, 0.007211159449070692, 0.007211153395473957, 0.0072111464105546474, 0.0072111403569579124, 0.0072111343033611774, 0.007211130578070879, 0.00721112871542573, 0.007211126387119293, 0.007211125921458006, 0.007211125921458006, 0.007211125921458006, 0.007211125921458006, 0.007211125921458006, 0.007211125921458006, 0.007211125921458006, 0.007211125921458006, 0.007211125921458006, 0.007211125921458006, 0.007211125921458006, 0.007211125921458006, 0.007211125921458006, 0.007211125921458006, 0.007211125921458006, 0.007211125921458006, 0.007211125921458006, 0.007211125921458006, 0.007211125921458006, 0.007211125921458006, 0.007211125921458006, 0.007211125921458006, 0.007211125921458006, 0.007211125921458006, 0.007211125921458006, 0.007211125921458006, 0.007211125921458006, 0.007211125921458006, 0.007211125921458006, 0.007211125921458006, 0.007211125921458006, 0.007211125921458006, 0.007211125921458006, 0.007211125921458006, 0.007211125921458006, 0.007211125921458006, 0.007211125921458006, 0.007211125921458006, 0.007211125921458006, 0.007211125921458006, 0.007211125921458006, 0.007211125921458006, 0.007211125921458006, 0.007211125921458006, 0.007211125921458006, 0.007211125921458006, 0.007211125921458006, 0.007211125921458006, 0.007211125921458006, 0.007211125921458006, 0.007211125921458006, 0.007211125921458006, 0.007211125921458006, 0.007211125921458006, 0.007211125921458006], "val_accuracy": [0.0037597655318677425, 0.0, 0.0, 0.0, 0.0, 0.8630994558334351, 0.8652845621109009, 0.8652845621109009, 0.8652845621109009, 0.8652845621109009, 0.8652845621109009, 0.8652845621109009, 0.8652845621109009, 0.8652845621109009, 0.8652845621109009, 0.8652845621109009, 0.8652845621109009, 0.8652845621109009, 0.8652845621109009, 0.8652845621109009, 0.8652845621109009, 0.8652845621109009, 0.8652845621109009, 0.8652845621109009, 0.8652845621109009, 0.8652845621109009, 0.8652845621109009, 0.8652845621109009, 0.8652845621109009, 0.8652845621109009, 0.8652845621109009, 0.8652845621109009, 0.8652845621109009, 0.8652845621109009, 0.8652845621109009, 0.8652845621109009, 0.8652845621109009, 0.8652845621109009, 0.8652845621109009, 0.8652845621109009, 0.8652845621109009, 0.8652845621109009, 0.8652845621109009, 0.8652845621109009, 0.8652845621109009, 0.8652845621109009, 0.8652845621109009, 0.8652845621109009, 0.8652845621109009, 0.8652845621109009, 0.8652845621109009, 0.8652845621109009, 0.8652845621109009, 0.8652845621109009, 0.8652845621109009, 0.8652845621109009, 0.8652845621109009, 0.8652845621109009, 0.8652845621109009, 0.8652845621109009, 0.8652845621109009, 0.8652845621109009, 0.8652845621109009, 0.8652845621109009, 0.8652845621109009, 0.8652845621109009, 0.8652845621109009, 0.8652845621109009, 0.8652845621109009, 0.8652845621109009, 0.8652845621109009, 0.8652845621109009, 0.8652845621109009, 0.8652845621109009, 0.8652845621109009, 0.8652845621109009, 0.8652845621109009, 0.8652845621109009, 0.8652845621109009, 0.8652845621109009, 0.8652845621109009, 0.8652845621109009, 0.8652845621109009, 0.8652845621109009, 0.8652845621109009, 0.8652845621109009, 0.8652845621109009, 0.8652845621109009, 0.8652845621109009, 0.8652845621109009, 0.8652845621109009, 0.8652845621109009, 0.8652845621109009, 0.8652845621109009, 0.8652845621109009, 0.8652845621109009, 0.8652845621109009, 0.8652845621109009, 0.8652845621109009, 0.8652845621109009],