{"accuracy": [0.5933473110198975, 0.7861772179603577, 0.8296396732330322, 0.8469782471656799, 0.8550953269004822, 0.8639560341835022, 0.8722290396690369, 0.8787820339202881, 0.8841387629508972, 0.8861424326896667, 0.8891459107398987, 0.890832781791687, 0.8923571705818176, 0.8923571705818176, 0.8923571705818176, 0.8923571705818176, 0.8923571705818176, 0.8923571705818176, 0.8923571705818176, 0.8923571705818176, 0.8923571705818176, 0.8923571705818176, 0.8923571705818176, 0.8923571705818176, 0.8923571705818176, 0.8923571705818176, 0.8923571705818176, 0.8923571705818176, 0.8923571705818176, 0.8923571705818176, 0.8923571705818176, 0.8923571705818176, 0.8923571705818176, 0.8923571705818176, 0.8923571705818176, 0.8923571705818176, 0.8923571705818176, 0.8923571705818176, 0.8923571705818176, 0.8923571705818176, 0.8923571705818176, 0.8923571705818176, 0.8923571705818176, 0.8923571705818176, 0.8923571705818176, 0.8923571705818176, 0.8923571705818176, 0.8923571705818176, 0.8923571705818176, 0.8923571705818176, 0.8923571705818176, 0.8923571705818176, 0.8923571705818176, 0.8923571705818176, 0.8923571705818176, 0.8923571705818176, 0.8923571705818176, 0.8923571705818176, 0.8923571705818176, 0.8923571705818176, 0.8923571705818176, 0.8923571705818176, 0.8923571705818176, 0.8923571705818176, 0.8923571705818176, 0.8923571705818176, 0.8923571705818176, 0.8923571705818176, 0.8923571705818176, 0.8923571705818176, 0.8923571705818176, 0.8923571705818176, 0.8923571705818176, 0.8923571705818176, 0.8923571705818176, 0.8923571705818176, 0.8923571705818176, 0.8923571705818176, 0.8923571705818176, 0.8923571705818176, 0.8923571705818176, 0.8923571705818176, 0.8923571705818176, 0.8923571705818176, 0.8923571705818176, 0.8923571705818176, 0.8923571705818176, 0.8923571705818176, 0.8923571705818176, 0.8923571705818176, 0.8923571705818176, 0.8923571705818176, 0.8923571705818176, 0.8923571705818176, 0.8923571705818176, 0.8923571705818176, 0.8923571705818176, 0.8923571705818176, 0.8923571705818176, 0.8923571705818176], "loss": [0.6927719712257385, 0.6908032894134521, 0.6877326965332031, 0.6824134588241577, 0.6730748414993286, 0.6568053364753723, 0.6295951008796692, 0.5870929956436157, 0.5274710059165955, 0.45427384972572327, 0.3776664733886719, 0.3094445765018463, 0.25538623332977295, 0.21473367512226105, 0.18468168377876282, 0.16232530772686005, 0.1452285647392273, 0.13165508210659027, 0.12049496918916702, 0.11104355752468109, 0.1028527095913887, 0.09562858194112778, 0.08916633576154709, 0.08332366496324539, 0.07799848914146423, 0.07311319559812546, 0.06860277056694031, 0.064426489174366, 0.06056194752454758, 0.05697482079267502, 0.05363653227686882, 0.050529595464468, 0.047641221433877945, 0.04495295137166977, 0.04245106130838394, 0.04012612998485565, 0.03796519711613655, 0.03595377132296562, 0.03407915681600571, 0.03233112394809723, 0.0307045616209507, 0.02919214777648449, 0.027787398546934128, 0.0264858640730381, 0.025282910093665123, 0.024170882999897003, 0.023141924291849136, 0.022187618538737297, 0.021301941946148872, 0.02048129215836525, 0.019720254465937614, 0.019013382494449615, 0.018355460837483406, 0.017741791903972626, 0.01716838777065277, 0.016630908474326134, 0.01612524315714836, 0.015649620443582535, 0.015202630311250687, 0.01478224154561758, 0.014386173337697983, 0.014010831713676453, 0.01365738920867443, 0.013324297033250332, 0.013009591028094292, 0.012712826952338219, 0.012432947754859924, 0.012169183231890202, 0.0119211720302701, 0.011688267812132835, 0.01146966777741909, 0.011264441534876823, 0.011071722023189068, 0.010890641249716282, 0.010720377787947655, 0.010560138151049614, 0.010409154929220676, 0.010266737081110477, 0.01013222150504589, 0.010005021467804909, 0.00988463032990694, 0.009770561009645462, 0.009662387892603874, 0.009559659287333488, 0.009461779147386551, 0.009368234314024448, 0.009279071353375912, 0.00919403787702322, 0.009112535044550896, 0.009034448303282261, 0.008959813974797726, 0.008888776414096355, 0.008821165189146996, 0.008756579831242561, 0.008694609627127647, 0.008635370060801506, 0.008578814566135406, 0.008524760603904724, 0.008472989313304424, 0.008423183113336563], "val_accuracy": [0.7565504908561707, 0.8143551349639893, 0.8370106220245361, 0.8460313081741333, 0.854499876499176, 0.862990140914917, 0.8701554536819458, 0.8760437369346619, 0.8786296844482422, 0.8811934590339661, 0.882946252822876, 0.8853177428245544, 0.8853177428245544, 0.8853177428245544, 0.8853177428245544, 0.8853177428245544, 0.8853177428245544, 0.8853177428245544, 0.8853177428245544, 0.8853177428245544, 0.8853177428245544, 0.8853177428245544, 0.8853177428245544, 0.8853177428245544, 0.8853177428245544, 0.8853177428245544, 0.8853177428245544, 0.8853177428245544, 0.8853177428245544, 0.8853177428245544, 0.8853177428245544, 0.8853177428245544, 0.8853177428245544, 0.8853177428245544, 0.8853177428245544, 0.8853177428245544, 0.8853177428245544, 0.8853177428245544, 0.8853177428245544, 0.8853177428245544, 0.8853177428245544, 0.8853177428245544, 0.8853177428245544, 0.8853177428245544, 0.8853177428245544, 0.8853177428245544, 0.8853177428245544, 0.8853177428245544, 0.8853177428245544, 0.8853177428245544, 0.8853177428245544, 0.8853177428245544, 0.8853177428245544, 0.8853177428245544, 0.8853177428245544, 0.8853177428245544, 0.8853177428245544, 0.8853177428245544, 0.8853177428245544, 0.8853177428245544, 0.8853177428245544, 0.8853177428245544, 0.8853177428245544, 0.8853177428245544, 0.8853177428245544, 0.8853177428245544, 0.8853177428245544, 0.8853177428245544, 0.8853177428245544, 0.8853177428245544, 0.8853177428245544, 0.8853177428245544, 0.8853177428245544, 0.8853177428245544, 0.8853177428245544, 0.8853177428245544, 0.8853177428245544, 0.8853177428245544, 0.8853177428245544, 0.8853177428245544, 0.8853177428245544, 0.8853177428245544, 0.8853177428245544, 0.8853177428245544, 0.8853177428245544, 0.8853177428245544, 0.8853177428245544, 0.8853177428245544, 0.8853177428245544, 0.8853177428245544, 0.8853177428245544, 0.8853177428245544, 0.8853177428245544, 0.8853177428245544, 0.8853177428245544, 0.8853177428245544, 0.8853177428245544, 0.8853177428245544, 0.8853177428245544, 0.8853177428245544],