{"accuracy": [0.8913387060165405, 0.8918517827987671, 0.8918517827987671, 0.8918517827987671, 0.8918517827987671, 0.8918517827987671, 0.8918517827987671, 0.8918517827987671, 0.8918517827987671, 0.8918517827987671, 0.8918517827987671, 0.8918517827987671, 0.8918517827987671, 0.8918517827987671, 0.8918517827987671, 0.8918517827987671, 0.8918517827987671, 0.8918517827987671, 0.8918517827987671, 0.8918517827987671], "loss": [0.45226970314979553, 0.18563081324100494, 0.11517943441867828, 0.08270753175020218, 0.06214912235736847, 0.047940585762262344, 0.03752455860376358, 0.02987584099173546, 0.02431267872452736, 0.020290495827794075, 0.017369884997606277, 0.015227551572024822, 0.013631916604936123, 0.012423444539308548, 0.01148719247430563, 0.010750288143754005, 0.01016218587756157, 0.009685281664133072, 0.009294978342950344, 0.008970532566308975], "val_accuracy": [0.9494438767433167, 0.9494438767433167, 0.9494438767433167, 0.9494438767433167, 0.9494438767433167, 0.9494438767433167, 0.9494438767433167, 0.9494438767433167, 0.9494438767433167, 0.9494438767433167, 0.9494438767433167, 0.9494438767433167, 0.9494438767433167, 0.9494438767433167, 0.9494438767433167, 0.9494438767433167, 0.9494438767433167, 0.9494438767433167, 0.9494438767433167, 0.9494438767433167], "val_loss": [0.22551462054252625, 0.12771324813365936, 0.08832839131355286, 0.06468525528907776, 0.04871802777051926, 0.037137728184461594, 0.028598006814718246, 0.022376801818609238, 0.017877111211419106, 0.014619337394833565, 0.012239573523402214, 0.010477845557034016, 0.00915080402046442, 0.008132231421768665, 0.007333822548389435, 0.0067007397301495075, 0.006189585663378239, 0.00577285373583436, 0.005429054144769907, 0.005138657055795193]}