,Accuracy,F1,Precision,Recall
0,0.9821283901919511,0.9595602799418989,0.9666756390763337,0.95254890274138
