{"accuracy": [0.8017858266830444, 0.9005395174026489, 0.9357561469078064, 0.9590837955474854, 0.9417855739593506, 0.9518107771873474, 0.9646215438842773, 0.9713294506072998, 0.9744821190834045, 0.9765020608901978, 0.9770495295524597, 0.9757389426231384, 0.9771580100059509, 0.9794167876243591, 0.9805778861045837, 0.9817450642585754, 0.9814260005950928, 0.9824603796005249, 0.9821715950965881, 0.9731824398040771, 0.9733821153640747, 0.9808720350265503, 0.983200192451477, 0.9839373826980591, 0.9842545986175537, 0.9852475523948669, 0.9851076602935791, 0.9845944046974182, 0.9850092530250549, 0.9845468997955322, 0.9837710857391357, 0.9840361475944519, 0.98564213514328, 0.9862176179885864, 0.9572744369506836, 0.9487162232398987, 0.9753580093383789, 0.9773526787757874, 0.982623815536499, 0.9827498197555542, 0.9844128489494324, 0.9847880601882935, 0.9848928451538086, 0.9834290146827698, 0.9778514504432678, 0.9764071106910706, 0.9760851263999939, 0.9838953614234924, 0.9847548007965088, 0.9862207770347595, 0.9868552684783936, 0.9873464107513428, 0.987654983997345, 0.9879433512687683, 0.9879566431045532, 0.9882169961929321, 0.9864590764045715, 0.980929434299469, 0.9846140742301941, 0.9850708246231079, 0.9867610335350037, 0.9874531626701355, 0.9881111979484558, 0.9884331226348877, 0.9881629943847656, 0.9886922240257263, 0.9887498617172241, 0.9881523847579956, 0.9879047870635986, 0.9881214499473572, 0.9884800314903259, 0.9890409111976624, 0.9892680644989014, 0.9892171025276184, 0.9887657761573792, 0.9887250661849976, 0.9888887405395508, 0.9893589019775391, 0.9895740747451782, 0.9894158244132996, 0.9890114665031433, 0.9887818694114685, 0.988846480846405, 0.9890598058700562, 0.9886106848716736, 0.989035964012146, 0.9892164468765259, 0.9895815253257751, 0.9897480607032776, 0.9898582696914673, 0.9899464845657349, 0.9896272420883179, 0.9898471236228943, 0.9898404479026794, 0.9897559285163879, 0.981899619102478, 0.9853585958480835, 0.9858443737030029, 0.9875259399414062, 0.9878146648406982], "loss": [2.6891865730285645, 1.081924557685852, 0.5686100721359253, 0.25855082273483276, 0.1779196858406067, 0.11442221701145172, 0.10193289071321487, 0.08520253002643585, 0.07412315160036087, 0.06718861311674118, 0.066342793405056, 0.07530902326107025, 0.06873960047960281, 0.0596027746796608, 0.054240722209215164, 0.050190262496471405, 0.05392952263355255, 0.05044214054942131, 0.04849620535969734, 0.07325831055641174, 0.07374890893697739, 0.05418932065367699, 0.04739369824528694, 0.04379614070057869, 0.042635705322027206, 0.040017884224653244, 0.0395326167345047, 0.040115199983119965, 0.040282152593135834, 0.043224021792411804, 0.04465428739786148, 0.042368631809949875, 0.039987824857234955, 0.03892241045832634, 0.1483110636472702, 0.12315450608730316, 0.0759066790342331, 0.06395450979471207, 0.04968041554093361, 0.04674911871552467, 0.04296892508864403, 0.041935164481401443, 0.04568503424525261, 0.04474620148539543, 0.05519026517868042, 0.059441305696964264, 0.06151764839887619, 0.043852027505636215, 0.041143424808979034, 0.037308767437934875, 0.03563264012336731, 0.03435709327459335, 0.033520832657814026, 0.03278011456131935, 0.03219864144921303, 0.031640127301216125, 0.03680796176195145, 0.05443646013736725, 0.04267718270421028, 0.039535485208034515, 0.035318151116371155, 0.03349994868040085, 0.031809452921152115, 0.031008310616016388, 0.031284742057323456, 0.030094442889094353, 0.02991209179162979, 0.031180869787931442, 0.03212061896920204, 0.03144404664635658, 0.03068803809583187, 0.0291028693318367, 0.028293831273913383, 0.028339076787233353, 0.02938888780772686, 0.029517529532313347, 0.029124971479177475, 0.028125088661909103, 0.027562376111745834, 0.027660975232720375, 0.029115717858076096, 0.03069269470870495, 0.02942860871553421, 0.029334144666790962, 0.029704932123422623, 0.029087401926517487, 0.02864963747560978, 0.02728572115302086, 0.02679118700325489, 0.02646530419588089, 0.02634711191058159, 0.02703860029578209, 0.026382675394415855, 0.026555048301815987, 0.026605835184454918, 0.044293735176324844, 0.040959104895591736, 0.03797735646367073, 0.034650906920433044, 0.032560061663389206], "precision": [0.2764148414134979, 0.599679708480835, 0.7607642412185669, 0.9083116054534912, 0.8204565048217773, 0.9490792751312256, 0.9094007015228271, 0.9345183372497559, 0.9397079944610596, 0.9291643500328064, 0.9227761030197144, 0.9016954302787781, 0.9363032579421997, 0.9367575645446777, 0.945549726486206, 0.9363115429878235, 0.9449349641799927, 0.9337992668151855, 0.9451145529747009, 0.950074315071106, 0.9140453934669495, 0.9175640344619751, 0.9361838102340698, 0.9507272243499756, 0.9441642165184021, 0.9420008659362793, 0.9423397779464722, 0.9541776180267334, 0.936883270740509, 0.9439651370048523, 0.9356386661529541, 0.9709280133247375, 0.9403870105743408, 0.9445990920066833, 0.83781898021698, 0.8972970247268677, 0.9205860495567322, 0.9417888522148132, 0.9469096660614014, 0.9440327286720276, 0.9466162919998169, 0.9529557228088379, 0.9364824891090393, 0.9525840282440186, 0.9434977173805237, 0.9406176209449768, 0.9056558012962341, 0.9271554946899414, 0.9503015279769897, 0.9343613386154175, 0.9500691294670105, 0.9455902576446533, 0.9538091421127319, 0.9500460624694824, 0.9557101726531982, 0.9556441307067871, 0.9271671772003174, 0.9503417015075684, 0.9233009815216064, 0.9582338929176331, 0.9391655325889587, 0.9538882374763489, 0.953144907951355, 0.955169141292572, 0.9578545093536377, 0.9553081393241882, 0.9510515332221985, 0.9643536806106567, 0.9455010890960693, 0.9618057608604431, 0.9491794109344482, 0.9550495147705078, 0.9549378156661987, 0.9603161811828613, 0.9636891484260559, 0.9495124220848083, 0.9616848230361938, 0.9539634585380554, 0.9568930268287659, 0.9523339867591858, 0.9511982202529907, 0.9540585279464722, 0.9532656669616699, 0.9586581587791443, 0.9462196230888367, 0.9539763331413269, 0.9572041630744934, 0.9586793184280396, 0.9567010998725891, 0.9568003416061401, 0.9592165350914001, 0.9543645977973938, 0.9551794528961182, 0.9556846022605896, 0.9601529836654663, 0.9270628690719604, 0.963079035282135, 0.9476326107978821, 0.9442946314811707, 0.9507763981819153],